"OTU.ID","k","p","c","o","Family","Genus","SciName"
"OTU1","Eukaryota","Streptophyta","Liliopsida","Poales","Poaceae","Panicum","Panicum miliaceum"
"OTU4","Eukaryota","Streptophyta","None","Brassicales","Brassicaceae","Descurainia","Descurainia leptoclada"
"OTU2","Eukaryota","Streptophyta","None","Fabales","Fabaceae","Astragalus","Astragalus paysonii"
"OTU3","Eukaryota","Streptophyta","None","Geraniales","Geraniaceae","Erodium","Erodium moschatum"
"OTU5","Eukaryota","Streptophyta","Liliopsida","Poales","Poaceae","Bouteloua","Bouteloua aristidoides"
"OTU54","Eukaryota","Streptophyta","None","Geraniales","Geraniaceae","Erodium","Erodium cicutarium"
"OTU6","Eukaryota","Streptophyta","None","Asterales","Asteraceae","Laennecia","Laennecia coulteri"
"OTU14","Eukaryota","Streptophyta","None","Malvales","Malvaceae","Sphaeralcea","Sphaeralcea incana"
"OTU7","Eukaryota","Streptophyta","None","Boraginales","Boraginaceae","Eremocarya","Eremocarya micrantha"
"OTU8","Eukaryota","Streptophyta","None","Ericales","Polemoniaceae","Gilia","Gilia mexicana"
"OTU9","Eukaryota","Streptophyta","None","Boraginales","Boraginaceae","Cryptantha","Cryptantha minima"
"OTU11","Eukaryota","Streptophyta","None","Asterales","Asteraceae","None","Rafinesquia environmental sample"
"OTU22","Eukaryota","Streptophyta","None","Brassicales","Brassicaceae","Physaria","Physaria fendleri"
"OTU20","Eukaryota","Streptophyta","Liliopsida","Poales","Poaceae","Avena","Avena sterilis"
"OTU12","Eukaryota","Streptophyta","None","Asterales","Asteraceae","Isocoma","Isocoma menziesii"
"OTU15","Eukaryota","Streptophyta","None","Boraginales","Namaceae","Nama","Nama stenocarpa"
"OTU21","Eukaryota","Streptophyta","None","Caryophyllales","Chenopodiaceae","Atriplex","Atriplex powellii"
"OTU13","Eukaryota","Streptophyta","None","Ericales","Polemoniaceae","Linanthus","Linanthus dichotomus"
"OTU19","Eukaryota","Streptophyta","None","Fabales","Fabaceae","Hoffmannseggia","Hoffmannseggia glauca"
"OTU93","Eukaryota","Streptophyta","None","Brassicales","Brassicaceae","Descurainia","Descurainia pinnata"
"OTU27","Eukaryota","Streptophyta","None","Boraginales","Hydrophyllaceae","Phacelia","Phacelia arizonica"
"OTU26","Eukaryota","Streptophyta","None","Asterales","Asteraceae","Picradeniopsis","Picradeniopsis absinthifolia"
"OTU17","Eukaryota","Streptophyta","Liliopsida","Poales","Poaceae","Eriochloa","Eriochloa polystachya"
"OTU10","Eukaryota","Streptophyta","None","Asterales","Asteraceae","Gutierrezia","Gutierrezia wrightii"
"OTU24","Eukaryota","Streptophyta","None","Fabales","Fabaceae","Lupinus","Lupinus odoratus"
"OTU34","Eukaryota","Streptophyta","None","Lamiales","Plantaginaceae","Plantago","Plantago spinulosa"
"OTU23","Eukaryota","Streptophyta","None","Caryophyllales","Nyctaginaceae","Allionia","Allionia incarnata"
"OTU30","Eukaryota","Streptophyta","None","Caryophyllales","Chenopodiaceae","Kali","Kali australe"
"OTU28","Eukaryota","Streptophyta","None","Caryophyllales","Nyctaginaceae","Boerhavia","Boerhavia intermedia"
"OTU25","Eukaryota","Streptophyta","None","Caryophyllales","Amaranthaceae","Amaranthus","Amaranthus palmeri"
"OTU86","Eukaryota","Streptophyta","None","Asterales","Asteraceae","Picradeniopsis","Picradeniopsis absinthifolia"
"OTU43","Eukaryota","Streptophyta","Liliopsida","Poales","Poaceae","Panicum","Panicum miliaceum"
"OTU33","Eukaryota","Streptophyta","None","Geraniales","Geraniaceae","Erodium","Erodium texanum"
"OTU40","Eukaryota","Streptophyta","None","Asterales","Asteraceae","Erigeron","Erigeron religiosus"
"OTU35","Eukaryota","Streptophyta","None","Asterales","Asteraceae","Erigeron","Erigeron bellidiastrum"
"OTU142","Eukaryota","Streptophyta","Liliopsida","Poales","Poaceae","Panicum","Panicum miliaceum"
"OTU187","Eukaryota","Streptophyta","None","Caryophyllales","Chenopodiaceae","Kali","Kali australe"
"OTU37","Eukaryota","None","None","None","None","None","uncultured fungus"
"OTU45","Eukaryota","Streptophyta","None","Asterales","Asteraceae","Ambrosia","Ambrosia deltoidea"
"OTU203","Eukaryota","Streptophyta","Liliopsida","Poales","Poaceae","Panicum","Panicum miliaceum"
"OTU39","Eukaryota","Streptophyta","None","Caryophyllales","Chenopodiaceae","Chenopodium","Chenopodium watsonii"
"OTU41","Eukaryota","Streptophyta","None","Zygophyllales","Zygophyllaceae","Kallstroemia","Kallstroemia parviflora"
"OTU42","Eukaryota","Streptophyta","None","Caryophyllales","Nyctaginaceae","Allionia","Allionia choisyi"
"OTU109","Eukaryota","Streptophyta","None","Asterales","Asteraceae","Erigeron","Erigeron religiosus"
"OTU44","Eukaryota","Streptophyta","None","Caryophyllales","Polygonaceae","Rumex","Rumex tenax"
"OTU126","Eukaryota","Streptophyta","None","Fabales","Fabaceae","Astragalus","Astragalus allochrous"
"OTU52","Eukaryota","Streptophyta","None","Asterales","Asteraceae","Helianthus","Helianthus annuus"
"OTU420","Eukaryota","Streptophyta","Liliopsida","Poales","Poaceae","Panicum","Panicum miliaceum"
"OTU47","Eukaryota","Streptophyta","Liliopsida","Poales","Poaceae","Aristida","Aristida adscensionis"
"OTU46","Eukaryota","Streptophyta","None","Brassicales","Brassicaceae","Sisymbrium","Sisymbrium irio"
"OTU55","Eukaryota","Streptophyta","None","Fabales","Fabaceae","Dalea","Dalea weberbaueri"
"OTU50","Eukaryota","Streptophyta","Liliopsida","Poales","Cyperaceae","Eriophorum","Eriophorum scheuchzeri"
"OTU79","Eukaryota","Streptophyta","None","Geraniales","Geraniaceae","Erodium","Erodium cicutarium"
"OTU58","Eukaryota","Streptophyta","None","Fabales","Fabaceae","Vachellia","Vachellia constricta"
"OTU166","Eukaryota","Streptophyta","None","Boraginales","Hydrophyllaceae","Phacelia","Phacelia arizonica"
"OTU56","Eukaryota","Streptophyta","None","Solanales","Solanaceae","Lycium","Lycium villosum"
"OTU317","Eukaryota","Streptophyta","None","Geraniales","Geraniaceae","Erodium","Erodium moschatum"
"OTU266","Eukaryota","Streptophyta","None","Brassicales","Brassicaceae","Descurainia","Descurainia tanacetifolia"
"OTU60","Eukaryota","Streptophyta","None","Ephedrales","Ephedraceae","Ephedra","Ephedra californica"
"OTU57","Eukaryota","Streptophyta","None","Myrtales","Onagraceae","Oenothera","Oenothera primiveris"
"OTU306","Eukaryota","Streptophyta","Liliopsida","Poales","Poaceae","Panicum","Panicum miliaceum"
"OTU218","Eukaryota","Streptophyta","None","Brassicales","Brassicaceae","Descurainia","Descurainia tanacetifolia"
"OTU59","Eukaryota","Streptophyta","None","Zygophyllales","Zygophyllaceae","Larrea","Larrea tridentata"
"OTU380","Eukaryota","Streptophyta","Liliopsida","Poales","Poaceae","Panicum","Panicum miliaceum"
"OTU201","Eukaryota","Streptophyta","Liliopsida","Poales","Poaceae","Avena","Avena atlantica"
"OTU62","Eukaryota","Streptophyta","None","Asterales","Asteraceae","Malacothrix","Malacothrix fendleri"
"OTU672","Eukaryota","Streptophyta","Liliopsida","Poales","Poaceae","Panicum","Panicum miliaceum"
"OTU572","Eukaryota","Streptophyta","Liliopsida","Poales","Poaceae","Panicum","Panicum miliaceum"
"OTU259","Eukaryota","Streptophyta","None","Caryophyllales","Chenopodiaceae","Atriplex","Atriplex powellii"
"OTU712","Eukaryota","Streptophyta","Liliopsida","Poales","Poaceae","Panicum","Panicum miliaceum"
"OTU506","Eukaryota","Streptophyta","Liliopsida","Poales","Poaceae","Panicum","Panicum miliaceum"
"OTU635","Eukaryota","Streptophyta","Liliopsida","Poales","Poaceae","Panicum","Panicum miliaceum"
"OTU720","Eukaryota","Streptophyta","Liliopsida","Poales","Poaceae","Panicum","Panicum miliaceum"
"OTU65","Eukaryota","Streptophyta","None","Asterales","Asteraceae","Iva","Iva xanthiifolia"
"OTU431","Eukaryota","Streptophyta","Liliopsida","Poales","Poaceae","Panicum","Panicum miliaceum"
"OTU645","Eukaryota","Streptophyta","Liliopsida","Poales","Poaceae","Panicum","Panicum miliaceum"
"OTU689","Eukaryota","Streptophyta","None","Geraniales","Geraniaceae","Erodium","Erodium cicutarium"
"OTU576","Eukaryota","Streptophyta","Liliopsida","Poales","Poaceae","Panicum","Panicum miliaceum"
"OTU991","Eukaryota","Streptophyta","Liliopsida","Poales","Poaceae","Panicum","Panicum miliaceum"
"OTU763","Eukaryota","Streptophyta","Liliopsida","Poales","Poaceae","Panicum","Panicum miliaceum"
"OTU68","Eukaryota","Streptophyta","Liliopsida","Poales","Poaceae","Panicum","Panicum capillare"
"OTU545","Eukaryota","Streptophyta","Liliopsida","Poales","Poaceae","Panicum","Panicum miliaceum"
"OTU63","Eukaryota","None","None","None","None","None","uncultured fungus"
"OTU226","Eukaryota","Streptophyta","None","Asterales","Asteraceae","Ambrosia","Ambrosia deltoidea"
"OTU536","Eukaryota","Streptophyta","None","Geraniales","Geraniaceae","Erodium","Erodium cicutarium"
"OTU548","Eukaryota","Streptophyta","Liliopsida","Poales","Poaceae","Panicum","Panicum miliaceum"
"OTU69","Eukaryota","Streptophyta","None","Fabales","Fabaceae","Prosopis","Prosopis chilensis"
"OTU328","Eukaryota","Streptophyta","None","Zygophyllales","Zygophyllaceae","Kallstroemia","Kallstroemia parviflora"
"OTU831","Eukaryota","Streptophyta","Liliopsida","Poales","Poaceae","Panicum","Panicum miliaceum"
"OTU631","Eukaryota","Streptophyta","Liliopsida","Poales","Poaceae","Panicum","Panicum miliaceum"
"OTU906","Eukaryota","Streptophyta","Liliopsida","Poales","Poaceae","Panicum","Panicum miliaceum"
"OTU655","Eukaryota","Streptophyta","Liliopsida","Poales","Poaceae","Panicum","Panicum miliaceum"
"OTU66","Eukaryota","Streptophyta","None","Asterales","Asteraceae","Ambrosia","Ambrosia deltoidea"
"OTU71","Eukaryota","Streptophyta","None","Malvales","Malvaceae","Sida","Sida cordifolia"
"OTU592","Eukaryota","Streptophyta","Liliopsida","Poales","Poaceae","Panicum","Panicum miliaceum"
"OTU359","Eukaryota","Streptophyta","Liliopsida","Poales","Poaceae","Panicum","Panicum miliaceum"
"OTU310","Eukaryota","Streptophyta","Liliopsida","Poales","Poaceae","Panicum","Panicum miliaceum"
"OTU647","Eukaryota","Streptophyta","Liliopsida","Poales","Poaceae","Panicum","Panicum miliaceum"
"OTU622","Eukaryota","Streptophyta","Liliopsida","Poales","Poaceae","Panicum","Panicum miliaceum"
"OTU648","Eukaryota","Streptophyta","None","Brassicales","Brassicaceae","Descurainia","Descurainia tanacetifolia"
"OTU590","Eukaryota","Streptophyta","None","Fabales","Fabaceae","Astragalus","Astragalus paysonii"
"OTU634","Eukaryota","Streptophyta","Liliopsida","Poales","Poaceae","Panicum","Panicum miliaceum"
"OTU247","Eukaryota","Streptophyta","None","Caryophyllales","Nyctaginaceae","Allionia","Allionia incarnata"
"OTU605","Eukaryota","Streptophyta","Liliopsida","Poales","Poaceae","Panicum","Panicum miliaceum"
"OTU1034","Eukaryota","Streptophyta","Liliopsida","Poales","Poaceae","Panicum","Panicum miliaceum"
"OTU196","Eukaryota","Streptophyta","Liliopsida","Poales","Poaceae","Bouteloua","Bouteloua aristidoides"
"OTU80","Eukaryota","Streptophyta","None","Asterales","Asteraceae","Chaenactis","Chaenactis macrantha"
"OTU837","Eukaryota","Streptophyta","Liliopsida","Poales","Poaceae","Panicum","Panicum miliaceum"
"OTU935","Eukaryota","Streptophyta","Liliopsida","Poales","Poaceae","Panicum","Panicum miliaceum"
"OTU887","Eukaryota","Streptophyta","Liliopsida","Poales","Poaceae","Panicum","Panicum miliaceum"
"OTU479","Eukaryota","Streptophyta","None","Brassicales","Brassicaceae","Descurainia","Descurainia tanacetifolia"
"OTU490","Eukaryota","Streptophyta","None","Geraniales","Geraniaceae","Erodium","Erodium cicutarium"
"OTU74","Eukaryota","Streptophyta","None","Asterales","Asteraceae","Ambrosia","Ambrosia deltoidea"
"OTU649","Eukaryota","Streptophyta","None","Geraniales","Geraniaceae","Erodium","Erodium cicutarium"
"OTU77","Eukaryota","Streptophyta","Liliopsida","Poales","Poaceae","Urochloa","Urochloa ramosa"
"OTU258","Eukaryota","Streptophyta","None","Malvales","Malvaceae","Sphaeralcea","Sphaeralcea incana"
"OTU448","Eukaryota","Streptophyta","None","Geraniales","Geraniaceae","Erodium","Erodium cicutarium"
"OTU72","Eukaryota","Streptophyta","None","Caryophyllales","Aizoaceae","Trianthema","Trianthema portulacastrum"
"OTU640","Eukaryota","Streptophyta","Liliopsida","Poales","Poaceae","Panicum","Panicum miliaceum"
"OTU1010","Eukaryota","Streptophyta","Liliopsida","Poales","Poaceae","Panicum","Panicum miliaceum"
"OTU248","Eukaryota","Streptophyta","Liliopsida","Poales","Poaceae","Panicum","Panicum miliaceum"
"OTU75","Eukaryota","Streptophyta","None","Brassicales","Brassicaceae","Physaria","Physaria subumbellata"
"OTU81","Eukaryota","Streptophyta","None","Geraniales","Geraniaceae","Erodium","Erodium cicutarium"
"OTU744","Eukaryota","Streptophyta","Liliopsida","Poales","Poaceae","Panicum","Panicum miliaceum"
"OTU707","Eukaryota","Streptophyta","Liliopsida","Poales","Poaceae","Panicum","Panicum miliaceum"
"OTU762","Eukaryota","Streptophyta","None","Geraniales","Geraniaceae","Erodium","Erodium cicutarium"
"OTU285","Eukaryota","Streptophyta","Liliopsida","Poales","Poaceae","Avena","Avena atlantica"
"OTU564","Eukaryota","None","None","None","None","None","uncultured fungus"
"OTU791","Eukaryota","Streptophyta","Liliopsida","Poales","Poaceae","Panicum","Panicum miliaceum"
"OTU83","Eukaryota","Streptophyta","None","Fabales","Fabaceae","Astragalus","Astragalus paysonii"
"OTU867","Eukaryota","Streptophyta","Liliopsida","Poales","Poaceae","Panicum","Panicum miliaceum"
"OTU78","Eukaryota","Streptophyta","None","Ephedrales","Ephedraceae","Ephedra","Ephedra milleri"
"OTU94","Eukaryota","Streptophyta","None","Asterales","Asteraceae","Picradeniopsis","Picradeniopsis absinthifolia"
"OTU85","Eukaryota","Streptophyta","None","Boraginales","Hydrophyllaceae","Phacelia","Phacelia arizonica"
"OTU49","Eukaryota","Streptophyta","Liliopsida","Poales","Cyperaceae","Carex","Carex aquatilis"
"OTU283","Eukaryota","Streptophyta","None","Asterales","Asteraceae","Gutierrezia","Gutierrezia wrightii"
"OTU777","Eukaryota","Streptophyta","Liliopsida","Poales","Poaceae","Panicum","Panicum miliaceum"
"OTU92","Eukaryota","Streptophyta","Liliopsida","Poales","Poaceae","Setaria","Setaria viridis"
"OTU413","Eukaryota","Streptophyta","Liliopsida","Poales","Poaceae","Avena","Avena sterilis"
"OTU215","Eukaryota","Streptophyta","None","Brassicales","Brassicaceae","Physaria","Physaria fendleri"
"OTU883","Eukaryota","Streptophyta","None","Geraniales","Geraniaceae","Erodium","Erodium cicutarium"
"OTU600","Eukaryota","Streptophyta","Liliopsida","Poales","Poaceae","Bouteloua","Bouteloua aristidoides"
"OTU936","Eukaryota","Streptophyta","None","Geraniales","Geraniaceae","Erodium","Erodium cicutarium"
"OTU623","Eukaryota","Streptophyta","None","Geraniales","Geraniaceae","Erodium","Erodium cicutarium"
"OTU743","Eukaryota","Streptophyta","Liliopsida","Poales","Poaceae","Panicum","Panicum miliaceum"
"OTU782","Eukaryota","Streptophyta","None","Geraniales","Geraniaceae","Erodium","Erodium cicutarium"
"OTU659","Eukaryota","Streptophyta","None","Geraniales","Geraniaceae","Erodium","Erodium cicutarium"
"OTU97","Eukaryota","Streptophyta","Liliopsida","Poales","Poaceae","Muhlenbergia","Muhlenbergia porteri"
"OTU661","Eukaryota","Streptophyta","None","Geraniales","Geraniaceae","Erodium","Erodium cicutarium"
"OTU512","Eukaryota","Streptophyta","Liliopsida","Poales","Poaceae","Panicum","Panicum miliaceum"
"OTU111","Eukaryota","Streptophyta","Liliopsida","Poales","Poaceae","Bouteloua","Bouteloua aristidoides"
"OTU843","Eukaryota","Streptophyta","None","Brassicales","Brassicaceae","Descurainia","Descurainia leptoclada"
"OTU924","Eukaryota","Streptophyta","None","Brassicales","Brassicaceae","Descurainia","Descurainia tanacetifolia"
"OTU872","Eukaryota","Streptophyta","Liliopsida","Poales","Poaceae","Panicum","Panicum miliaceum"
"OTU666","Eukaryota","Streptophyta","None","Geraniales","Geraniaceae","Erodium","Erodium cicutarium"
"OTU759","Eukaryota","Streptophyta","Liliopsida","Poales","Poaceae","Bouteloua","Bouteloua aristidoides"
"OTU483","Eukaryota","Streptophyta","None","Geraniales","Geraniaceae","Erodium","Erodium rupicola"
"OTU932","Eukaryota","Streptophyta","None","Brassicales","Brassicaceae","Descurainia","Descurainia pinnata"
"OTU865","Eukaryota","Streptophyta","None","Asterales","Asteraceae","Picradeniopsis","Picradeniopsis absinthifolia"
"OTU739","Eukaryota","Streptophyta","Liliopsida","Poales","Poaceae","Panicum","Panicum miliaceum"
"OTU752","Eukaryota","Streptophyta","None","Geraniales","Geraniaceae","Erodium","Erodium cicutarium"
"OTU402","Eukaryota","Streptophyta","Liliopsida","Poales","Poaceae","Avena","Avena sterilis"
"OTU89","Eukaryota","Streptophyta","None","Caryophyllales","Nyctaginaceae","Boerhavia","Boerhavia diffusa"
"OTU742","Eukaryota","Streptophyta","Liliopsida","Poales","Poaceae","Panicum","Panicum miliaceum"
"OTU433","Eukaryota","Streptophyta","Liliopsida","Poales","Poaceae","Panicum","Panicum miliaceum"
"OTU826","Eukaryota","Streptophyta","None","Geraniales","Geraniaceae","Erodium","Erodium cicutarium"
"OTU133","Eukaryota","Streptophyta","None","Asterales","Asteraceae","Ambrosia","Ambrosia deltoidea"
"OTU353","Eukaryota","Streptophyta","None","Asterales","Asteraceae","Picradeniopsis","Picradeniopsis absinthifolia"
"OTU870","Eukaryota","Streptophyta","None","Brassicales","Brassicaceae","Descurainia","Descurainia tanacetifolia"
"OTU131","Eukaryota","Streptophyta","Liliopsida","Poales","Poaceae","Panicum","Panicum miliaceum"
"OTU532","Eukaryota","Streptophyta","None","Asterales","Asteraceae","Erigeron","Erigeron bellidiastrum"
"OTU1016","Eukaryota","Streptophyta","None","Asterales","Asteraceae","Picradeniopsis","Picradeniopsis absinthifolia"
"OTU529","Eukaryota","Streptophyta","None","Geraniales","Geraniaceae","Erodium","Erodium daucoides"
"OTU451","Eukaryota","Streptophyta","None","Boraginales","Hydrophyllaceae","Phacelia","Phacelia arizonica"
"OTU805","Eukaryota","Streptophyta","None","Brassicales","Brassicaceae","Descurainia","Descurainia tanacetifolia"
"OTU786","Eukaryota","Streptophyta","None","Asterales","Asteraceae","Picradeniopsis","Picradeniopsis absinthifolia"
"OTU668","Eukaryota","Streptophyta","None","Geraniales","Geraniaceae","Erodium","Erodium cicutarium"
"OTU724","Eukaryota","Streptophyta","None","Fabales","Fabaceae","Astragalus","Astragalus paysonii"
"OTU90","Eukaryota","Streptophyta","None","None","None","None","embryophyte environmental sample"
"OTU98","Eukaryota","Streptophyta","None","Malvales","Malvaceae","Sida","Sida cordifolia"
"OTU241","Eukaryota","Streptophyta","Liliopsida","Poales","Poaceae","Panicum","Panicum miliaceum"
"OTU862","Eukaryota","Streptophyta","Liliopsida","Poales","Poaceae","Panicum","Panicum miliaceum"
"OTU147","Eukaryota","Streptophyta","None","Geraniales","Geraniaceae","Erodium","Erodium texanum"
"OTU117","Eukaryota","Streptophyta","None","Ericales","Polemoniaceae","Linanthus","Linanthus demissus"
"OTU106","Eukaryota","Streptophyta","Liliopsida","Poales","Poaceae","Bouteloua","Bouteloua aristidoides"
"OTU880","Eukaryota","Streptophyta","None","Geraniales","Geraniaceae","Erodium","Erodium cicutarium"
"OTU417","Eukaryota","Streptophyta","None","Asterales","Asteraceae","Gutierrezia","Gutierrezia wrightii"
"OTU764","Eukaryota","Streptophyta","None","Brassicales","Brassicaceae","Descurainia","Descurainia pinnata"
"OTU118","Eukaryota","Streptophyta","None","Brassicales","Brassicaceae","Lepidium","Lepidium alyssoides"
"OTU621","Eukaryota","Streptophyta","Liliopsida","Poales","Poaceae","Panicum","Panicum miliaceum"
"OTU108","Eukaryota","Streptophyta","None","Brassicales","Brassicaceae","Descurainia","Descurainia virletii"
"OTU596","Eukaryota","Streptophyta","Liliopsida","Poales","Poaceae","Panicum","Panicum miliaceum"
"OTU148","Eukaryota","Streptophyta","None","Brassicales","Brassicaceae","Descurainia","Descurainia leptoclada"
"OTU125","Eukaryota","Streptophyta","None","Fabales","Fabaceae","Lupinus","Lupinus odoratus"
"OTU127","Eukaryota","Streptophyta","Liliopsida","Poales","Poaceae","Eriochloa","Eriochloa polystachya"
"OTU332","Eukaryota","Streptophyta","None","Brassicales","Brassicaceae","Descurainia","Descurainia tanacetifolia"
"OTU120","Eukaryota","Streptophyta","None","Fabales","Fabaceae","Astragalus","Astragalus ceramicus"
"OTU966","Eukaryota","Streptophyta","None","Brassicales","Brassicaceae","Descurainia","Descurainia tanacetifolia"
"OTU787","Eukaryota","Streptophyta","Liliopsida","Poales","Poaceae","Panicum","Panicum miliaceum"
"OTU766","Eukaryota","Streptophyta","None","Brassicales","Brassicaceae","Descurainia","Descurainia tanacetifolia"
"OTU737","Eukaryota","Streptophyta","None","Ephedrales","Ephedraceae","Ephedra","Ephedra californica"
"OTU204","Bacteria","Proteobacteria","Gammaproteobacteria","Pseudomonadales","Pseudomonadaceae","Pseudomonas","Pseudomonas tolaasii"
"OTU628","Eukaryota","Streptophyta","None","Malvales","Malvaceae","Sphaeralcea","Sphaeralcea incana"
"OTU573","Eukaryota","Streptophyta","None","Geraniales","Geraniaceae","Erodium","Erodium cicutarium"
"OTU909","Eukaryota","Streptophyta","Liliopsida","Poales","Poaceae","Panicum","Panicum miliaceum"
"OTU1040","Eukaryota","Streptophyta","None","Brassicales","Brassicaceae","Descurainia","Descurainia tanacetifolia"
"OTU815","Eukaryota","Streptophyta","None","Geraniales","Geraniaceae","Erodium","Erodium cicutarium"
"OTU581","Eukaryota","Streptophyta","Liliopsida","Poales","Poaceae","Bouteloua","Bouteloua aristidoides"
"OTU516","Eukaryota","Streptophyta","None","Brassicales","Brassicaceae","Descurainia","Descurainia tanacetifolia"
"OTU528","Eukaryota","Streptophyta","None","Brassicales","Brassicaceae","Descurainia","Descurainia tanacetifolia"
"OTU331","Eukaryota","Streptophyta","None","Asterales","Asteraceae","Erigeron","Erigeron religiosus"
"OTU773","Eukaryota","Streptophyta","None","Brassicales","Brassicaceae","Descurainia","Descurainia tanacetifolia"
"OTU129","Eukaryota","Streptophyta","None","Fabales","Fabaceae","Chamaecrista","Chamaecrista pascuorum"
"OTU729","Eukaryota","Streptophyta","None","Brassicales","Brassicaceae","Descurainia","Descurainia tanacetifolia"
"OTU128","Eukaryota","Streptophyta","Liliopsida","Poales","Poaceae","Aristida","Aristida adscensionis"
"OTU802","Eukaryota","Streptophyta","None","Brassicales","Brassicaceae","Descurainia","Descurainia tanacetifolia"
"OTU121","Eukaryota","Streptophyta","Liliopsida","Poales","Poaceae","Poa","Poa pratensis"
"OTU879","Eukaryota","Streptophyta","None","Geraniales","Geraniaceae","Erodium","Erodium cicutarium"
"OTU644","Eukaryota","Streptophyta","Liliopsida","Poales","Poaceae","Panicum","Panicum miliaceum"
"OTU116","Eukaryota","Streptophyta","None","Fabales","Fabaceae","Melilotus","Melilotus albus"
"OTU1046","Eukaryota","Streptophyta","None","Malvales","Malvaceae","Sphaeralcea","Sphaeralcea incana"
"OTU172","None","None","None","None","None","None","synthetic construct"
"OTU124","Eukaryota","Streptophyta","None","Fabales","Fabaceae","Lupinus","Lupinus odoratus"
"OTU537","Eukaryota","Streptophyta","None","Caryophyllales","Polygonaceae","Rumex","Rumex tenax"
"OTU698","Eukaryota","Streptophyta","None","Brassicales","Brassicaceae","Descurainia","Descurainia tanacetifolia"
"OTU251","Bacteria","Actinobacteria","Actinobacteria","Actinomycetales","Actinomycetaceae","Actinomyces","Actinomyces succiniciruminis"
"OTU319","Eukaryota","Streptophyta","None","Malvales","Malvaceae","Sphaeralcea","Sphaeralcea incana"
"OTU956","Eukaryota","Streptophyta","None","Brassicales","Brassicaceae","Descurainia","Descurainia tanacetifolia"
"OTU136","Eukaryota","Streptophyta","None","Geraniales","Geraniaceae","Erodium","Erodium moschatum"
"OTU169","Eukaryota","Streptophyta","None","Fabales","Fabaceae","Lupinus","Lupinus arboreus"
"OTU135","Eukaryota","Streptophyta","None","Brassicales","Brassicaceae","Physaria","Physaria pycnantha"
"OTU475","Eukaryota","Streptophyta","None","Geraniales","Geraniaceae","Erodium","Erodium cicutarium"
"OTU704","Eukaryota","Streptophyta","None","Fabales","Fabaceae","Astragalus","Astragalus paysonii"
"OTU145","Eukaryota","Streptophyta","None","Ericales","Polemoniaceae","Linanthus","Linanthus dichotomus"
"OTU1013","Eukaryota","Streptophyta","None","Malvales","Malvaceae","Sphaeralcea","Sphaeralcea incana"
"OTU949","Eukaryota","Streptophyta","None","Brassicales","Brassicaceae","Descurainia","Descurainia tanacetifolia"
"OTU947","Eukaryota","Streptophyta","None","Asterales","Asteraceae","Picradeniopsis","Picradeniopsis absinthifolia"
"OTU798","Eukaryota","Streptophyta","None","Brassicales","Brassicaceae","Descurainia","Descurainia tanacetifolia"
"OTU412","Eukaryota","Streptophyta","None","Asterales","Asteraceae","Picradeniopsis","Picradeniopsis absinthifolia"
"OTU138","Eukaryota","Streptophyta","None","Fabales","Fabaceae","Astragalus","Astragalus paysonii"
"OTU833","Eukaryota","Streptophyta","None","Fabales","Fabaceae","Astragalus","Astragalus paysonii"
"OTU210","Eukaryota","Streptophyta","Liliopsida","Poales","Poaceae","Panicum","Panicum miliaceum"
"OTU715","Eukaryota","Streptophyta","None","Asterales","Asteraceae","Picradeniopsis","Picradeniopsis absinthifolia"
"OTU255","Eukaryota","Streptophyta","None","Brassicales","Brassicaceae","Descurainia","Descurainia pinnata"
"OTU162","Eukaryota","Streptophyta","None","Fabales","Fabaceae","Astragalus","Astragalus pachypus"
"OTU158","Eukaryota","Streptophyta","Liliopsida","Poales","Poaceae","Avena","Avena sterilis"
"OTU899","Eukaryota","Streptophyta","None","Malvales","Malvaceae","Sphaeralcea","Sphaeralcea incana"
"OTU398","Eukaryota","Streptophyta","None","Caryophyllales","Nyctaginaceae","Allionia","Allionia incarnata"
"OTU96","Eukaryota","Streptophyta","None","Asterales","Asteraceae","Gutierrezia","Gutierrezia wrightii"
"OTU515","Eukaryota","Streptophyta","None","Geraniales","Geraniaceae","Erodium","Erodium moschatum"
"OTU185","None","None","None","None","None","None","synthetic construct"
"OTU650","Eukaryota","Streptophyta","None","Brassicales","Brassicaceae","Descurainia","Descurainia tanacetifolia"
"OTU144","Eukaryota","Streptophyta","None","Fabales","Fabaceae","Astragalus","Astragalus paysonii"
"OTU693","Eukaryota","Streptophyta","None","Asterales","Asteraceae","Picradeniopsis","Picradeniopsis absinthifolia"
"OTU137","Eukaryota","Streptophyta","Liliopsida","Poales","Poaceae","Avena","Avena fatua"
"OTU176","Eukaryota","Streptophyta","None","Pinales","Pinaceae","Pseudotsuga","Pseudotsuga sinensis"
"OTU346","Eukaryota","Streptophyta","Liliopsida","Poales","Poaceae","Panicum","Panicum miliaceum"
"OTU188","Eukaryota","Streptophyta","None","Geraniales","Geraniaceae","Erodium","Erodium cicutarium"
"OTU336","Bacteria","Proteobacteria","Gammaproteobacteria","Pseudomonadales","Pseudomonadaceae","Pseudomonas","Pseudomonas tolaasii"
"OTU152","Eukaryota","Streptophyta","None","Geraniales","Geraniaceae","Erodium","Erodium moschatum"
"OTU703","Eukaryota","Streptophyta","Liliopsida","Poales","Poaceae","Aristida","Aristida adscensionis"
"OTU809","Eukaryota","Streptophyta","Liliopsida","Poales","Poaceae","Avena","Avena sterilis"
"OTU112","Eukaryota","Streptophyta","Liliopsida","Poales","Poaceae","Eragrostis","Eragrostis curvula"
"OTU595","Eukaryota","Streptophyta","None","Fabales","Fabaceae","Hoffmannseggia","Hoffmannseggia glauca"
"OTU750","Eukaryota","Streptophyta","None","Boraginales","Hydrophyllaceae","Phacelia","Phacelia arizonica"
"OTU740","Eukaryota","Streptophyta","None","Boraginales","Hydrophyllaceae","Phacelia","Phacelia arizonica"
"OTU132","Eukaryota","Streptophyta","None","Zygophyllales","Zygophyllaceae","Kallstroemia","Kallstroemia parviflora"
"OTU189","None","None","None","None","None","None","synthetic construct"
"OTU965","Eukaryota","Streptophyta","None","Geraniales","Geraniaceae","Erodium","Erodium cicutarium"
"OTU308","Eukaryota","Streptophyta","Liliopsida","Poales","Poaceae","Panicum","Panicum miliaceum"
"OTU951","Eukaryota","Streptophyta","None","Malvales","Malvaceae","Sphaeralcea","Sphaeralcea incana"
"OTU695","Eukaryota","Streptophyta","Liliopsida","Poales","Poaceae","Panicum","Panicum miliaceum"
"OTU153","Eukaryota","Streptophyta","None","Fagales","Fagaceae","Quercus","Quercus arbutifolia"
"OTU921","Eukaryota","Streptophyta","None","Geraniales","Geraniaceae","Erodium","Erodium cicutarium"
"OTU891","Eukaryota","Streptophyta","None","Fabales","Fabaceae","Astragalus","Astragalus berytheus"
"OTU123","Eukaryota","Streptophyta","None","Caryophyllales","Chenopodiaceae","Bassia","Bassia scoparia"
"OTU699","Eukaryota","Streptophyta","None","Asterales","Asteraceae","Picradeniopsis","Picradeniopsis absinthifolia"
"OTU180","Eukaryota","Streptophyta","None","Caryophyllales","Nyctaginaceae","Allionia","Allionia incarnata"
"OTU299","Eukaryota","Streptophyta","None","Brassicales","Brassicaceae","Physaria","Physaria fendleri"
"OTU154","Eukaryota","Streptophyta","None","Geraniales","Geraniaceae","Erodium","Erodium moschatum"
"OTU149","Eukaryota","Streptophyta","Liliopsida","Poales","Poaceae","Bouteloua","Bouteloua aristidoides"
"OTU861","Eukaryota","Streptophyta","None","Asterales","Asteraceae","Erigeron","Erigeron bellidiastrum"
"OTU774","Eukaryota","Streptophyta","Liliopsida","Poales","Poaceae","Bouteloua","Bouteloua aristidoides"
"OTU160","Eukaryota","Streptophyta","None","Caryophyllales","Polygonaceae","Rumex","Rumex crispus"
"OTU253","Eukaryota","Streptophyta","Liliopsida","Poales","Poaceae","Panicum","Panicum miliaceum"
"OTU1000","Eukaryota","Streptophyta","None","Asterales","Asteraceae","Picradeniopsis","Picradeniopsis absinthifolia"
"OTU785","Eukaryota","Streptophyta","None","Geraniales","Geraniaceae","Erodium","Erodium cicutarium"
"OTU1008","Eukaryota","Streptophyta","None","Geraniales","Geraniaceae","Erodium","Erodium rupicola"
"OTU543","Eukaryota","Streptophyta","Liliopsida","Poales","Poaceae","Bouteloua","Bouteloua aristidoides"
"OTU876","Eukaryota","Streptophyta","None","Boraginales","Hydrophyllaceae","Phacelia","Phacelia arizonica"
"OTU273","None","None","None","None","None","None","synthetic construct"
"OTU709","Eukaryota","Streptophyta","None","Asterales","Asteraceae","Picradeniopsis","Picradeniopsis absinthifolia"
"OTU814","Eukaryota","Streptophyta","None","Caryophyllales","Polygonaceae","Rumex","Rumex tenax"
"OTU238","Bacteria","Actinobacteria","Actinobacteria","Actinomycetales","Actinomycetaceae","Actinomyces","Actinomyces succiniciruminis"
"OTU799","Eukaryota","Streptophyta","Liliopsida","Poales","Poaceae","Bouteloua","Bouteloua aristidoides"
"OTU396","Eukaryota","Streptophyta","None","Brassicales","Brassicaceae","Physaria","Physaria pycnantha"
"OTU161","None","None","None","None","None","None","synthetic construct"
"OTU780","Eukaryota","Streptophyta","Liliopsida","Poales","Poaceae","Panicum","Panicum miliaceum"
"OTU231","Eukaryota","Streptophyta","Liliopsida","Poales","Poaceae","Avena","Avena atlantica"
"OTU667","Eukaryota","Streptophyta","None","Asterales","Asteraceae","Gutierrezia","Gutierrezia wrightii"
"OTU838","Eukaryota","None","None","None","None","None","uncultured fungus"
"OTU307","Eukaryota","Streptophyta","None","Ericales","Polemoniaceae","Gilia","Gilia ochroleuca"
"OTU184","Eukaryota","Streptophyta","Liliopsida","Poales","Poaceae","Alopecurus","Alopecurus magellanicus"
"OTU568","Eukaryota","Streptophyta","Liliopsida","Poales","Poaceae","Avena","Avena sterilis"
"OTU686","Eukaryota","Streptophyta","None","Geraniales","Geraniaceae","Erodium","Erodium moschatum"
"OTU267","Bacteria","Actinobacteria","Actinobacteria","Actinomycetales","Actinomycetaceae","Actinomyces","Actinomyces succiniciruminis"
"OTU606","Eukaryota","Streptophyta","Liliopsida","Poales","Poaceae","Panicum","Panicum miliaceum"
"OTU159","Eukaryota","Streptophyta","Liliopsida","Poales","Poaceae","Avena","Avena sterilis"
"OTU194","Eukaryota","Streptophyta","None","Brassicales","Brassicaceae","Descurainia","Descurainia cumingiana"
"OTU167","Eukaryota","Streptophyta","None","Geraniales","Geraniaceae","Erodium","Erodium moschatum"
"OTU277","None","None","None","None","None","None","synthetic construct"
"OTU789","Eukaryota","Streptophyta","None","Ericales","Polemoniaceae","Linanthus","Linanthus orcuttii"
"OTU1045","Eukaryota","Streptophyta","Liliopsida","Poales","Poaceae","Avena","Avena sterilis"
"OTU584","Eukaryota","Streptophyta","None","Brassicales","Brassicaceae","Descurainia","Descurainia pinnata"
"OTU751","Eukaryota","Streptophyta","None","Geraniales","Geraniaceae","Erodium","Erodium lebelii"
"OTU214","Bacteria","Proteobacteria","Gammaproteobacteria","Pseudomonadales","Pseudomonadaceae","Pseudomonas","Pseudomonas tolaasii"
"OTU960","Eukaryota","Streptophyta","Liliopsida","Poales","Poaceae","Bouteloua","Bouteloua aristidoides"
"OTU948","Eukaryota","Streptophyta","Liliopsida","Poales","Poaceae","Bouteloua","Bouteloua aristidoides"
"OTU198","Eukaryota","Streptophyta","None","Proteales","Platanaceae","Platanus","Platanus wrightii"
"OTU718","Eukaryota","Streptophyta","None","Asterales","Asteraceae","Gutierrezia","Gutierrezia wrightii"
"OTU615","Eukaryota","Streptophyta","None","Asterales","Asteraceae","Picradeniopsis","Picradeniopsis absinthifolia"
"OTU439","Eukaryota","Streptophyta","None","Brassicales","Brassicaceae","Descurainia","Descurainia virletii"
"OTU624","Eukaryota","Streptophyta","Liliopsida","Poales","Poaceae","Panicum","Panicum miliaceum"
"OTU679","Eukaryota","Streptophyta","None","Boraginales","Hydrophyllaceae","Phacelia","Phacelia arizonica"
"OTU195","Eukaryota","Streptophyta","None","Brassicales","Brassicaceae","Descurainia","Descurainia leptoclada"
"OTU155","Eukaryota","Streptophyta","None","Geraniales","Geraniaceae","Erodium","Erodium moschatum"
"OTU1001","Eukaryota","Streptophyta","Liliopsida","Poales","Poaceae","Bouteloua","Bouteloua aristidoides"
"OTU363","Eukaryota","None","None","None","None","None","uncultured eukaryote"
"OTU205","Eukaryota","Streptophyta","Liliopsida","Poales","Poaceae","Avena","Avena sterilis"
"OTU208","Eukaryota","Streptophyta","None","Caryophyllales","Polygonaceae","Rumex","Rumex longifolius"
"OTU186","Eukaryota","Streptophyta","None","Asterales","Asteraceae","Machaeranthera","Machaeranthera tanacetifolia"
"OTU810","Eukaryota","Streptophyta","None","Brassicales","Brassicaceae","Descurainia","Descurainia leptoclada"
"OTU221","Eukaryota","Streptophyta","None","Caryophyllales","Nyctaginaceae","Allionia","Allionia incarnata"
"OTU222","Eukaryota","Streptophyta","None","Ericales","Polemoniaceae","Gilia","Gilia ochroleuca"
"OTU171","Eukaryota","Streptophyta","None","Boraginales","Hydrophyllaceae","Phacelia","Phacelia arizonica"
"OTU771","Eukaryota","Streptophyta","None","Fabales","Fabaceae","Astragalus","Astragalus pehuenches"
"OTU165","Eukaryota","Streptophyta","None","Fabales","Fabaceae","Lupinus","Lupinus odoratus"
"OTU818","Eukaryota","Streptophyta","None","Brassicales","Brassicaceae","Physaria","Physaria fendleri"
"OTU755","Eukaryota","Streptophyta","Liliopsida","Poales","Poaceae","Panicum","Panicum miliaceum"
"OTU938","Eukaryota","Streptophyta","Liliopsida","Poales","Poaceae","Panicum","Panicum miliaceum"
"OTU856","Eukaryota","Streptophyta","Liliopsida","Poales","Poaceae","Panicum","Panicum miliaceum"
"OTU173","Eukaryota","Streptophyta","None","Ericales","Polemoniaceae","Gilia","Gilia leptantha"
"OTU690","Eukaryota","Streptophyta","None","Brassicales","Brassicaceae","Descurainia","Descurainia tanacetifolia"
"OTU1043","Eukaryota","Streptophyta","Liliopsida","Poales","Poaceae","Panicum","Panicum miliaceum"
"OTU300","Eukaryota","Streptophyta","Liliopsida","Poales","Poaceae","Anthoxanthum","Anthoxanthum monticola"
"OTU233","Eukaryota","Streptophyta","None","Caryophyllales","Nyctaginaceae","Boerhavia","Boerhavia intermedia"
"OTU491","Eukaryota","Streptophyta","None","Malvales","Malvaceae","Sphaeralcea","Sphaeralcea incana"
"OTU352","Bacteria","Proteobacteria","Gammaproteobacteria","Pseudomonadales","Pseudomonadaceae","Pseudomonas","Pseudomonas tolaasii"
"OTU168","Eukaryota","Streptophyta","None","Asterales","Asteraceae","Gutierrezia","Gutierrezia wrightii"
"OTU245","None","None","None","None","None","None","synthetic construct"
"OTU278","Eukaryota","Streptophyta","Liliopsida","Poales","Poaceae","Eriochloa","Eriochloa polystachya"
"OTU438","Eukaryota","Streptophyta","None","Geraniales","Geraniaceae","Erodium","Erodium moschatum"
"OTU347","Eukaryota","Streptophyta","None","Fabales","Fabaceae","Hoffmannseggia","Hoffmannseggia glauca"
"OTU256","Eukaryota","Streptophyta","None","Brassicales","Brassicaceae","Descurainia","Descurainia leptoclada"
"OTU225","Eukaryota","Streptophyta","Liliopsida","Poales","Poaceae","Bouteloua","Bouteloua eriopoda"
"OTU721","Eukaryota","Streptophyta","None","Malvales","Malvaceae","Sphaeralcea","Sphaeralcea incana"
"OTU977","Eukaryota","Streptophyta","None","Brassicales","Brassicaceae","Descurainia","Descurainia leptoclada"
"OTU322","Eukaryota","Streptophyta","None","Fabales","Fabaceae","Lupinus","Lupinus angustifolius"
"OTU943","Eukaryota","Streptophyta","Liliopsida","Poales","Poaceae","Eriochloa","Eriochloa polystachya"
"OTU432","Eukaryota","Streptophyta","None","Brassicales","Brassicaceae","Descurainia","Descurainia pinnata"
"OTU578","None","None","None","None","None","None","synthetic construct"
"OTU863","Eukaryota","Streptophyta","Liliopsida","Poales","Poaceae","Panicum","Panicum miliaceum"
"OTU216","Eukaryota","Streptophyta","None","Malvales","Malvaceae","Sphaeralcea","Sphaeralcea incana"
"OTU950","Eukaryota","Streptophyta","None","Geraniales","Geraniaceae","Erodium","Erodium rupicola"
"OTU269","Eukaryota","Streptophyta","None","Geraniales","Geraniaceae","Erodium","Erodium moschatum"
"OTU848","Eukaryota","Streptophyta","None","Fabales","Fabaceae","Lupinus","Lupinus odoratus"
"OTU305","Eukaryota","Streptophyta","None","Asterales","Asteraceae","Gutierrezia","Gutierrezia wrightii"
"OTU588","Eukaryota","Streptophyta","None","Fabales","Fabaceae","Hoffmannseggia","Hoffmannseggia glauca"
"OTU334","None","None","None","None","None","None","synthetic construct"
"OTU261","Eukaryota","Streptophyta","None","Ericales","Polemoniaceae","Gilia","Gilia ochroleuca"
"OTU316","Eukaryota","Streptophyta","None","Fabales","Fabaceae","Lupinus","Lupinus angustifolius"
"OTU962","Eukaryota","Streptophyta","None","Asterales","Asteraceae","Picradeniopsis","Picradeniopsis absinthifolia"
"OTU541","Eukaryota","Streptophyta","None","Brassicales","Brassicaceae","Physaria","Physaria fendleri"
"OTU250","Eukaryota","Streptophyta","None","Zygophyllales","Zygophyllaceae","Kallstroemia","Kallstroemia parviflora"
"OTU243","Eukaryota","Streptophyta","None","Fabales","Fabaceae","Lupinus","Lupinus odoratus"
"OTU235","Eukaryota","Streptophyta","None","Ericales","Polemoniaceae","Gilia","Gilia ochroleuca"
"OTU312","Eukaryota","Streptophyta","None","Brassicales","Brassicaceae","Physaria","Physaria fendleri"
"OTU919","Eukaryota","Streptophyta","None","Lamiales","Plantaginaceae","Plantago","Plantago hookeriana"
"OTU209","Eukaryota","Streptophyta","None","Solanales","Convolvulaceae","Convolvulus","Convolvulus chinensis"
"OTU348","Bacteria","Proteobacteria","Gammaproteobacteria","Pseudomonadales","Pseudomonadaceae","Pseudomonas","Pseudomonas tolaasii"
"OTU223","Eukaryota","Streptophyta","None","Geraniales","Geraniaceae","Erodium","Erodium moschatum"
"OTU844","Eukaryota","Streptophyta","None","Brassicales","Brassicaceae","Physaria","Physaria fendleri"
"OTU257","Eukaryota","Streptophyta","Liliopsida","Poales","Poaceae","Arctagrostis","Arctagrostis latifolia"
"OTU642","Eukaryota","Streptophyta","None","Fabales","Fabaceae","Lupinus","Lupinus odoratus"
"OTU922","Eukaryota","Streptophyta","None","Caryophyllales","Chenopodiaceae","Kali","Kali australe"
"OTU341","Eukaryota","Streptophyta","None","Caryophyllales","Chenopodiaceae","Salsola","Salsola monoptera"
"OTU395","Eukaryota","Streptophyta","None","Ericales","Polemoniaceae","Linanthus","Linanthus dichotomus"
"OTU191","Eukaryota","Streptophyta","None","Lamiales","Plantaginaceae","Plantago","Plantago hookeriana"
"OTU457","Eukaryota","Streptophyta","None","Brassicales","Brassicaceae","Descurainia","Descurainia leptoclada"
"OTU368","Eukaryota","Streptophyta","Liliopsida","Poales","Poaceae","Bouteloua","Bouteloua aristidoides"
"OTU367","Eukaryota","Streptophyta","None","Fabales","Fabaceae","Astragalus","Astragalus paysonii"
"OTU365","Eukaryota","Streptophyta","None","Boraginales","Hydrophyllaceae","Phacelia","Phacelia arizonica"
"OTU289","Eukaryota","Streptophyta","Liliopsida","Poales","Poaceae","Avena","Avena fatua"
"OTU260","Eukaryota","Streptophyta","None","Fabales","Fabaceae","Lupinus","Lupinus odoratus"
"OTU443","Eukaryota","Streptophyta","None","Fabales","Fabaceae","Lupinus","Lupinus sp. AT-2012"
"OTU345","Bacteria","Proteobacteria","Gammaproteobacteria","Pseudomonadales","Pseudomonadaceae","Pseudomonas","Pseudomonas tolaasii"
"OTU430","Bacteria","Proteobacteria","Gammaproteobacteria","Pseudomonadales","Pseudomonadaceae","Pseudomonas","Pseudomonas tolaasii"
"OTU586","Eukaryota","Streptophyta","Liliopsida","Poales","Poaceae","Avena","Avena sterilis"
"OTU378","None","None","None","None","None","None","synthetic construct"
"OTU375","None","None","None","None","None","None","synthetic construct"
"OTU271","Eukaryota","Streptophyta","None","Asterales","Asteraceae","Picradeniopsis","Picradeniopsis absinthifolia"
"OTU192","Eukaryota","Streptophyta","None","Fabales","Fabaceae","Lupinus","Lupinus odoratus"
"OTU914","Eukaryota","Streptophyta","None","Caryophyllales","Nyctaginaceae","Allionia","Allionia choisyi"
"OTU236","None","None","None","None","None","None","synthetic construct"
"OTU219","Eukaryota","Streptophyta","None","Zygophyllales","Zygophyllaceae","Kallstroemia","Kallstroemia parviflora"
"OTU504","Eukaryota","Streptophyta","None","Fabales","Fabaceae","Lupinus","Lupinus odoratus"
"OTU294","Eukaryota","Streptophyta","None","Zygophyllales","Zygophyllaceae","Kallstroemia","Kallstroemia parviflora"
"OTU295","Eukaryota","Streptophyta","None","Caryophyllales","Chenopodiaceae","Kali","Kali australe"
"OTU926","Eukaryota","Streptophyta","None","Malvales","Malvaceae","Sphaeralcea","Sphaeralcea incana"
"OTU423","Eukaryota","Streptophyta","None","Asterales","Asteraceae","Rayjacksonia","Rayjacksonia phyllocephala"
"OTU293","None","None","None","None","None","None","synthetic construct"
"OTU618","Eukaryota","Streptophyta","None","Fabales","Fabaceae","Vachellia","Vachellia constricta"
"OTU315","Eukaryota","Streptophyta","None","Geraniales","Geraniaceae","Erodium","Erodium moschatum"
"OTU911","Eukaryota","Streptophyta","None","Caryophyllales","Polygonaceae","Rumex","Rumex tenax"
"OTU918","Eukaryota","Streptophyta","None","Caryophyllales","Nyctaginaceae","Allionia","Allionia incarnata"
"OTU577","Eukaryota","Streptophyta","None","Fabales","Fabaceae","Lupinus","Lupinus odoratus"
"OTU783","Eukaryota","Streptophyta","None","Brassicales","Brassicaceae","Physaria","Physaria fendleri"
"OTU311","None","None","None","None","None","None","synthetic construct"
"OTU387","Eukaryota","Streptophyta","None","Caryophyllales","Nyctaginaceae","Allionia","Allionia incarnata"
"OTU937","Eukaryota","Streptophyta","Liliopsida","Poales","Poaceae","Avena","Avena sterilis"
"OTU302","Eukaryota","Streptophyta","Liliopsida","Poales","Poaceae","Bouteloua","Bouteloua aristidoides"
"OTU351","Eukaryota","Streptophyta","Liliopsida","Poales","Poaceae","Avena","Avena sterilis"
"OTU349","Eukaryota","Streptophyta","None","Fabales","Fabaceae","Lupinus","Lupinus odoratus"
"OTU291","Eukaryota","Streptophyta","None","Fabales","Fabaceae","Lupinus","Lupinus odoratus"
"OTU270","Eukaryota","Streptophyta","None","Fabales","Fabaceae","Lupinus","Lupinus odoratus"
"OTU800","Eukaryota","Streptophyta","None","Boraginales","Hydrophyllaceae","Phacelia","Phacelia arizonica"
"OTU450","Bacteria","Proteobacteria","Gammaproteobacteria","Pseudomonadales","Pseudomonadaceae","Pseudomonas","Pseudomonas tolaasii"
"OTU275","Eukaryota","Streptophyta","None","Caryophyllales","Aizoaceae","Trianthema","Trianthema portulacastrum"
"OTU327","Eukaryota","Streptophyta","None","Boraginales","Hydrophyllaceae","Phacelia","Phacelia arizonica"
"OTU321","Eukaryota","Streptophyta","None","Caryophyllales","Aizoaceae","Trianthema","Trianthema portulacastrum"
"OTU585","None","None","None","None","None","None","synthetic construct"
"OTU868","Eukaryota","Streptophyta","None","Fabales","Fabaceae","Astragalus","Astragalus allochrous"
"OTU239","Eukaryota","Streptophyta","None","Zygophyllales","Zygophyllaceae","Kallstroemia","Kallstroemia parviflora"
"OTU335","Eukaryota","Streptophyta","Liliopsida","Poales","Poaceae","Avena","Avena magna"
"OTU806","Eukaryota","Streptophyta","None","Brassicales","Brassicaceae","Descurainia","Descurainia leptoclada"
"OTU330","None","None","None","None","None","None","synthetic construct"
"OTU325","Eukaryota","Streptophyta","None","Ranunculales","Papaveraceae","Eschscholzia","Eschscholzia californica"
"OTU476","Eukaryota","Streptophyta","None","Fabales","Fabaceae","Hoffmannseggia","Hoffmannseggia glauca"
"OTU323","None","None","None","None","None","None","synthetic construct"
"OTU727","Eukaryota","Streptophyta","None","Brassicales","Brassicaceae","Descurainia","Descurainia tanacetifolia"
"OTU220","Eukaryota","Streptophyta","None","Caryophyllales","Chenopodiaceae","Salsola","Salsola collina"
"OTU952","Eukaryota","Streptophyta","None","Boraginales","Hydrophyllaceae","Phacelia","Phacelia arizonica"
"OTU822","Eukaryota","Streptophyta","None","Brassicales","Brassicaceae","Physaria","Physaria fendleri"
"OTU262","Eukaryota","Streptophyta","None","Fabales","Fabaceae","Lupinus","Lupinus odoratus"
"OTU422","Eukaryota","Streptophyta","None","Caryophyllales","Polygonaceae","Rumex","Rumex tenax"
"OTU670","Eukaryota","Streptophyta","None","Fabales","Fabaceae","Lupinus","Lupinus odoratus"
"OTU970","Eukaryota","Streptophyta","Liliopsida","Poales","Poaceae","Avena","Avena sterilis"
"OTU272","None","None","None","None","None","None","synthetic construct"
"OTU1017","Eukaryota","Streptophyta","None","Fabales","Fabaceae","Astragalus","Astragalus paysonii"
"OTU429","Eukaryota","Streptophyta","None","Ericales","Polemoniaceae","Gilia","Gilia ochroleuca"
"OTU884","Eukaryota","Streptophyta","None","Asterales","Asteraceae","Picradeniopsis","Picradeniopsis absinthifolia"
"OTU333","Eukaryota","Streptophyta","None","Brassicales","Brassicaceae","Descurainia","Descurainia leptoclada"
"OTU713","Eukaryota","Streptophyta","None","Fabales","Fabaceae","Dichilus","Dichilus strictus"
"OTU1024","Eukaryota","Streptophyta","None","Malvales","Malvaceae","Sphaeralcea","Sphaeralcea incana"
"OTU400","Eukaryota","Streptophyta","None","Caryophyllales","Chenopodiaceae","Chenopodium","Chenopodium watsonii"
"OTU309","Eukaryota","Streptophyta","None","Fabales","Fabaceae","Lupinus","Lupinus odoratus"
"OTU338","Eukaryota","Streptophyta","None","Fabales","Fabaceae","Lupinus","Lupinus odoratus"
"OTU388","Eukaryota","Streptophyta","None","Zygophyllales","Zygophyllaceae","Kallstroemia","Kallstroemia parviflora"
"OTU1038","Eukaryota","Streptophyta","None","Asterales","Asteraceae","Gutierrezia","Gutierrezia wrightii"
"OTU473","None","None","None","None","None","None","synthetic construct"
"OTU415","Eukaryota","Streptophyta","Liliopsida","Poales","Poaceae","Bouteloua","Bouteloua aristidoides"
"OTU342","Eukaryota","Streptophyta","None","Ephedrales","Ephedraceae","Ephedra","Ephedra funerea"
"OTU990","Eukaryota","Streptophyta","Liliopsida","Poales","Poaceae","Bouteloua","Bouteloua aristidoides"
"OTU902","Eukaryota","Streptophyta","None","Fabales","Fabaceae","Lupinus","Lupinus odoratus"
"OTU410","Eukaryota","Streptophyta","None","Lamiales","Plantaginaceae","Plantago","Plantago hookeriana"
"OTU264","Eukaryota","Streptophyta","None","Fabales","Fabaceae","Astragalus","Astragalus paysonii"
"OTU376","Eukaryota","Streptophyta","None","Fabales","Fabaceae","Lupinus","Lupinus odoratus"
"OTU736","Eukaryota","Streptophyta","Liliopsida","Poales","Poaceae","Avena","Avena fatua"
"OTU411","Eukaryota","Streptophyta","None","Fabales","Fabaceae","Lupinus","Lupinus odoratus"
"OTU561","Bacteria","Actinobacteria","Actinobacteria","Actinomycetales","Actinomycetaceae","Actinomyces","Actinomyces succiniciruminis"
"OTU511","Eukaryota","Streptophyta","Liliopsida","Poales","Poaceae","Avena","Avena barbata"
"OTU329","Eukaryota","Streptophyta","None","Zygophyllales","Zygophyllaceae","Kallstroemia","Kallstroemia parviflora"
"OTU356","Eukaryota","Streptophyta","None","Fabales","Fabaceae","Lupinus","Lupinus odoratus"
"OTU406","Eukaryota","Streptophyta","None","Fabales","Fabaceae","Lupinus","Lupinus odoratus"
"OTU326","Eukaryota","Streptophyta","None","Fabales","Fabaceae","Lupinus","Lupinus odoratus"
"OTU643","Eukaryota","Streptophyta","None","Brassicales","Brassicaceae","Descurainia","Descurainia leptoclada"
"OTU298","None","None","None","None","None","None","synthetic construct"
"OTU467","Eukaryota","Streptophyta","None","Fabales","Fabaceae","Lupinus","Lupinus odoratus"
"OTU372","Eukaryota","Streptophyta","None","Fabales","Fabaceae","Lupinus","Lupinus odoratus"
"OTU499","Eukaryota","Streptophyta","None","Brassicales","Brassicaceae","Sisymbrium","Sisymbrium irio"
"OTU525","Eukaryota","Streptophyta","None","Asterales","Asteraceae","Gutierrezia","Gutierrezia wrightii"
"OTU470","Eukaryota","Streptophyta","None","Fabales","Fabaceae","Lupinus","Lupinus odoratus"
"OTU551","Eukaryota","Streptophyta","None","Fabales","Fabaceae","Lupinus","Lupinus odoratus"
"OTU265","Eukaryota","Streptophyta","None","Geraniales","Geraniaceae","Erodium","Erodium moschatum"
"OTU282","Eukaryota","Streptophyta","None","Asterales","Asteraceae","Picradeniopsis","Picradeniopsis oppositifolia"
"OTU555","Eukaryota","Streptophyta","None","Fabales","Fabaceae","Dalea","Dalea weberbaueri"
"OTU482","None","None","None","None","None","None","synthetic construct"
"OTU570","Eukaryota","Streptophyta","None","Fabales","Fabaceae","Lupinus","Lupinus sp. AT-2012"
"OTU441","Eukaryota","Streptophyta","None","Ephedrales","Ephedraceae","Ephedra","Ephedra milleri"
"OTU546","Eukaryota","Streptophyta","Liliopsida","Poales","Poaceae","Avena","Avena atlantica"
"OTU459","Eukaryota","Streptophyta","None","Fabales","Fabaceae","Lupinus","Lupinus odoratus"
"OTU403","Eukaryota","Streptophyta","None","Fabales","Fabaceae","Lupinus","Lupinus odoratus"
"OTU379","Eukaryota","Streptophyta","None","Fabales","Fabaceae","Lupinus","Lupinus odoratus"
"OTU972","Eukaryota","Streptophyta","None","Fabales","Fabaceae","Lupinus","Lupinus odoratus"
"OTU488","Eukaryota","Streptophyta","None","Brassicales","Brassicaceae","Descurainia","Descurainia leptoclada"
"OTU354","Eukaryota","Streptophyta","None","Fabales","Fabaceae","Lupinus","Lupinus odoratus"
"OTU358","Eukaryota","Streptophyta","None","Fabales","Fabaceae","Lupinus","Lupinus odoratus"
"OTU811","Eukaryota","Streptophyta","None","Geraniales","Geraniaceae","Erodium","Erodium moschatum"
"OTU361","Eukaryota","Streptophyta","None","Asterales","Asteraceae","Gutierrezia","Gutierrezia wrightii"
"OTU967","Eukaryota","Streptophyta","None","Lamiales","Plantaginaceae","Plantago","Plantago spinulosa"
"OTU683","Eukaryota","Streptophyta","None","Fabales","Fabaceae","Lupinus","Lupinus odoratus"
"OTU859","Eukaryota","Streptophyta","None","Geraniales","Geraniaceae","Erodium","Erodium lebelii"
"OTU447","Eukaryota","Streptophyta","Liliopsida","Poales","Poaceae","Avena","Avena sterilis"
"OTU854","Eukaryota","Streptophyta","None","Caryophyllales","Polygonaceae","Rumex","Rumex tenax"
"OTU680","Eukaryota","Streptophyta","None","Asterales","Asteraceae","Picradeniopsis","Picradeniopsis oppositifolia"
"OTU481","Eukaryota","Streptophyta","None","Fabales","Fabaceae","Lupinus","Lupinus odoratus"
"OTU1026","Eukaryota","Streptophyta","Liliopsida","Poales","Poaceae","Panicum","Panicum miliaceum"
"OTU604","Eukaryota","Streptophyta","None","Fabales","Fabaceae","Astragalus","Astragalus paysonii"
"OTU366","Eukaryota","Streptophyta","None","Fabales","Fabaceae","Lupinus","Lupinus odoratus"
"OTU465","Eukaryota","Streptophyta","None","Fabales","Fabaceae","Lupinus","Lupinus odoratus"
"OTU461","None","None","None","None","None","None","synthetic construct"
"OTU501","Eukaryota","Streptophyta","None","Fabales","Fabaceae","Hoffmannseggia","Hoffmannseggia glauca"
"OTU530","Eukaryota","Streptophyta","None","Fabales","Fabaceae","Astragalus","Astragalus paysonii"
"OTU391","Eukaryota","Streptophyta","None","Fabales","Fabaceae","Lupinus","Lupinus odoratus"
"OTU794","Eukaryota","Streptophyta","None","Fabales","Fabaceae","Lupinus","Lupinus odoratus"
"OTU975","Eukaryota","Streptophyta","None","Ericales","Polemoniaceae","Gilia","Gilia ochroleuca"
"OTU514","Eukaryota","Streptophyta","None","Asterales","Asteraceae","Gutierrezia","Gutierrezia wrightii"
"OTU559","Bacteria","Proteobacteria","Gammaproteobacteria","Pseudomonadales","Pseudomonadaceae","Pseudomonas","Pseudomonas tolaasii"
"OTU485","Eukaryota","Streptophyta","None","Asterales","Asteraceae","Isocoma","Isocoma menziesii"
"OTU340","Eukaryota","Streptophyta","None","Ericales","Polemoniaceae","Linanthus","Linanthus orcuttii"
"OTU940","Eukaryota","Streptophyta","Liliopsida","Poales","Poaceae","Muhlenbergia","Muhlenbergia porteri"
"OTU383","Eukaryota","Streptophyta","None","Fabales","Fabaceae","Lupinus","Lupinus odoratus"
"OTU753","Eukaryota","Streptophyta","None","Fabales","Fabaceae","Lupinus","Lupinus odoratus"
"OTU276","Eukaryota","Streptophyta","None","Geraniales","Geraniaceae","Erodium","Erodium moschatum"
"OTU534","Eukaryota","Streptophyta","None","Geraniales","Geraniaceae","Erodium","Erodium moschatum"
"OTU460","Eukaryota","Streptophyta","None","Ericales","Polemoniaceae","Gilia","Gilia ochroleuca"
"OTU1030","Eukaryota","Streptophyta","None","Lamiales","Plantaginaceae","Plantago","Plantago erecta"
"OTU934","Eukaryota","Streptophyta","None","Brassicales","Brassicaceae","Descurainia","Descurainia leptoclada"
"OTU849","Eukaryota","Streptophyta","None","Geraniales","Geraniaceae","Erodium","Erodium moschatum"
"OTU522","None","None","None","None","None","None","synthetic construct"
"OTU357","Eukaryota","Streptophyta","None","Fabales","Fabaceae","Lupinus","Lupinus odoratus"
"OTU885","Eukaryota","Streptophyta","None","Fabales","Fabaceae","Astragalus","Astragalus paysonii"
"OTU487","Eukaryota","Streptophyta","None","Fabales","Fabaceae","Genista","Genista salzmannii"
"OTU344","Eukaryota","Streptophyta","None","Fabales","Fabaceae","Lupinus","Lupinus odoratus"
"OTU1028","Eukaryota","Streptophyta","Liliopsida","Poales","Poaceae","Bouteloua","Bouteloua aristidoides"
"OTU768","Eukaryota","Streptophyta","None","Fabales","Fabaceae","Lupinus","Lupinus odoratus"
"OTU629","Eukaryota","Streptophyta","None","Asterales","Asteraceae","None","Rafinesquia environmental sample"
"OTU397","Eukaryota","Streptophyta","None","Malvales","Malvaceae","Sphaeralcea","Sphaeralcea incana"
"OTU1031","Eukaryota","Streptophyta","None","Fabales","Fabaceae","Lupinus","Lupinus odoratus"
"OTU426","None","None","None","None","None","None","synthetic construct"
"OTU355","Eukaryota","Streptophyta","None","Fabales","Fabaceae","Prosopis","Prosopis chilensis"
"OTU474","Eukaryota","Streptophyta","None","Fabales","Fabaceae","Lupinus","Lupinus odoratus"
"OTU421","Eukaryota","Streptophyta","None","Fabales","Fabaceae","Lupinus","Lupinus odoratus"
"OTU519","Eukaryota","Streptophyta","None","Ericales","Polemoniaceae","Linanthus","Linanthus orcuttii"
"OTU469","Eukaryota","Streptophyta","None","Fabales","Fabaceae","Lupinus","Lupinus odoratus"
"OTU509","Eukaryota","Streptophyta","None","Fabales","Fabaceae","Lupinus","Lupinus odoratus"
"OTU602","Eukaryota","Streptophyta","None","Asterales","Asteraceae","Euthamia","Euthamia graminifolia"
"OTU360","Eukaryota","Streptophyta","None","Fabales","Fabaceae","Lupinus","Lupinus odoratus"
"OTU394","Bacteria","Actinobacteria","Actinobacteria","Actinomycetales","Actinomycetaceae","Actinomyces","Actinomyces succiniciruminis"
"OTU767","Eukaryota","Streptophyta","None","Caryophyllales","Polygonaceae","Rumex","Rumex tenax"
"OTU427","Eukaryota","Streptophyta","None","Fabales","Fabaceae","Lupinus","Lupinus odoratus"
"OTU444","Eukaryota","Streptophyta","None","Solanales","Solanaceae","Lycium","Lycium villosum"
"OTU653","Eukaryota","Streptophyta","None","Fabales","Fabaceae","Lupinus","Lupinus odoratus"
"OTU738","Eukaryota","Streptophyta","None","Boraginales","Hydrophyllaceae","Phacelia","Phacelia arizonica"
"OTU493","Eukaryota","Streptophyta","None","Geraniales","Geraniaceae","Erodium","Erodium moschatum"
"OTU399","Eukaryota","Streptophyta","None","Fabales","Fabaceae","Lupinus","Lupinus odoratus"
"OTU343","Eukaryota","Streptophyta","None","Fabales","Fabaceae","Lupinus","Lupinus odoratus"
"OTU452","Eukaryota","Streptophyta","None","Fabales","Fabaceae","Lupinus","Lupinus odoratus"
"OTU674","Eukaryota","Streptophyta","None","Caryophyllales","Nyctaginaceae","Allionia","Allionia incarnata"
"OTU1022","Eukaryota","Streptophyta","None","Fabales","Fabaceae","Lupinus","Lupinus odoratus"
"OTU567","Eukaryota","Streptophyta","None","Fabales","Fabaceae","Lupinus","Lupinus odoratus"
"OTU535","Eukaryota","Streptophyta","None","Boraginales","Hydrophyllaceae","Phacelia","Phacelia arizonica"
"OTU507","Eukaryota","Streptophyta","None","Fabales","Fabaceae","Lupinus","Lupinus odoratus"
"OTU611","Eukaryota","Streptophyta","None","Asterales","Asteraceae","Picradeniopsis","Picradeniopsis absinthifolia"
"OTU520","Eukaryota","Streptophyta","None","Fabales","Fabaceae","Lupinus","Lupinus odoratus"
"OTU382","Eukaryota","Streptophyta","None","Fabales","Fabaceae","Lupinus","Lupinus odoratus"
"OTU812","Eukaryota","Streptophyta","None","Fabales","Fabaceae","Lupinus","Lupinus odoratus"
"OTU660","Eukaryota","Streptophyta","None","Malvales","Malvaceae","Sphaeralcea","Sphaeralcea ambigua"
"OTU673","Eukaryota","Streptophyta","None","Brassicales","Brassicaceae","Descurainia","Descurainia leptoclada"
"OTU784","Eukaryota","Streptophyta","None","Fabales","Fabaceae","Vachellia","Vachellia constricta"
"OTU955","Eukaryota","Streptophyta","None","Fabales","Fabaceae","Lupinus","Lupinus odoratus"
"OTU994","Eukaryota","Streptophyta","None","Brassicales","Brassicaceae","Descurainia","Descurainia leptoclada"
"OTU684","Eukaryota","Streptophyta","None","Lamiales","Plantaginaceae","Plantago","Plantago hookeriana"
"OTU612","Eukaryota","Streptophyta","None","Fabales","Fabaceae","Lupinus","Lupinus microcarpus"
"OTU1036","Eukaryota","Streptophyta","None","Boraginales","Hydrophyllaceae","Phacelia","Phacelia arizonica"
"OTU941","Eukaryota","Streptophyta","None","Ericales","Polemoniaceae","Linanthus","Linanthus pungens"
"OTU583","Eukaryota","Streptophyta","None","Ephedrales","Ephedraceae","Ephedra","Ephedra milleri"
"OTU933","Eukaryota","Streptophyta","None","Malvales","Malvaceae","Sphaeralcea","Sphaeralcea incana"
"OTU560","Eukaryota","Streptophyta","None","Fabales","Fabaceae","Lupinus","Lupinus odoratus"
"OTU697","Eukaryota","Streptophyta","None","Caryophyllales","Chenopodiaceae","Atriplex","Atriplex powellii"
"OTU373","Eukaryota","Streptophyta","None","Fabales","Fabaceae","Lupinus","Lupinus odoratus"
"OTU756","Eukaryota","Streptophyta","None","Lamiales","Plantaginaceae","Plantago","Plantago spinulosa"
"OTU827","Eukaryota","Streptophyta","None","Fabales","Fabaceae","Vachellia","Vachellia constricta"
"OTU472","Eukaryota","Streptophyta","None","Fabales","Fabaceae","Vachellia","Vachellia constricta"
"OTU579","Eukaryota","Streptophyta","None","Fabales","Fabaceae","Hoffmannseggia","Hoffmannseggia glauca"
"OTU627","Eukaryota","Streptophyta","None","Pinales","Pinaceae","Pseudotsuga","Pseudotsuga sinensis"
"OTU425","Eukaryota","Streptophyta","None","Fabales","Fabaceae","Lupinus","Lupinus odoratus"
"OTU682","Eukaryota","Streptophyta","None","Brassicales","Brassicaceae","Descurainia","Descurainia virletii"
"OTU758","Eukaryota","Streptophyta","None","Brassicales","Brassicaceae","Physaria","Physaria fendleri"
"OTU866","Eukaryota","Streptophyta","Liliopsida","Poales","Poaceae","Dupontia","Dupontia fisheri"
"OTU449","Eukaryota","Streptophyta","None","Asterales","Asteraceae","Xylorhiza","Xylorhiza cronquistii"
"OTU761","Eukaryota","Streptophyta","None","Fabales","Fabaceae","Lupinus","Lupinus paranensis"
"OTU958","Eukaryota","Streptophyta","None","Asterales","Asteraceae","Ambrosia","Ambrosia deltoidea"
"OTU392","Eukaryota","Streptophyta","None","Fabales","Fabaceae","Astragalus","Astragalus yoder-williamsii"
"OTU505","None","None","None","None","None","None","synthetic construct"
"OTU995","Eukaryota","Streptophyta","None","Boraginales","Boraginaceae","Pectocarya","Pectocarya setosa"
"OTU817","Eukaryota","Streptophyta","None","Fabales","Fabaceae","Lupinus","Lupinus odoratus"
"OTU390","Eukaryota","Streptophyta","None","Asterales","Asteraceae","Isocoma","Isocoma menziesii"
"OTU498","Eukaryota","Streptophyta","None","Fabales","Fabaceae","Lupinus","Lupinus odoratus"
"OTU557","Eukaryota","Streptophyta","None","Fabales","Fabaceae","Lupinus","Lupinus odoratus"
"OTU454","Bacteria","Actinobacteria","Actinobacteria","Actinomycetales","Actinomycetaceae","Actinomyces","Actinomyces succiniciruminis"
"OTU407","Eukaryota","Streptophyta","None","Caryophyllales","Nyctaginaceae","Boerhavia","Boerhavia intermedia"
"OTU734","Eukaryota","Streptophyta","None","Geraniales","Geraniaceae","Erodium","Erodium moschatum"
"OTU1002","Eukaryota","Streptophyta","None","Fabales","Fabaceae","Lupinus","Lupinus odoratus"
"OTU732","Eukaryota","Streptophyta","None","Fabales","Fabaceae","Lupinus","Lupinus odoratus"
"OTU963","Eukaryota","Streptophyta","None","Geraniales","Geraniaceae","Erodium","Erodium moschatum"
"OTU550","Eukaryota","Streptophyta","None","Fabales","Fabaceae","Lupinus","Lupinus odoratus"
"OTU691","Eukaryota","Streptophyta","None","Asterales","Asteraceae","Isocoma","Isocoma menziesii"
"OTU625","Eukaryota","Streptophyta","None","Ericales","Polemoniaceae","Gilia","Gilia ochroleuca"
"OTU942","Eukaryota","Streptophyta","None","Fabales","Fabaceae","Lupinus","Lupinus odoratus"
"OTU437","Eukaryota","Streptophyta","None","Pinales","Pinaceae","Pseudotsuga","Pseudotsuga sinensis"
"OTU651","Eukaryota","Streptophyta","Liliopsida","Poales","Poaceae","Panicum","Panicum miliaceum"
"OTU944","Eukaryota","Streptophyta","None","Ericales","Polemoniaceae","Linanthus","Linanthus pungens"
"OTU828","Eukaryota","Streptophyta","None","Brassicales","Brassicaceae","Descurainia","Descurainia leptoclada"
"OTU458","Eukaryota","Streptophyta","None","Asterales","Asteraceae","Picradeniopsis","Picradeniopsis absinthifolia"
"OTU419","Eukaryota","Streptophyta","None","Fabales","Fabaceae","Lupinus","Lupinus odoratus"
"OTU641","Eukaryota","Streptophyta","None","Fabales","Fabaceae","Lupinus","Lupinus odoratus"
"OTU405","Eukaryota","Streptophyta","None","Fabales","Fabaceae","Lupinus","Lupinus odoratus"
"OTU547","Eukaryota","Streptophyta","None","Asterales","Asteraceae","Picradeniopsis","Picradeniopsis xylopoda"
"OTU853","Eukaryota","Streptophyta","None","Fabales","Fabaceae","Lupinus","Lupinus odoratus"
"OTU554","Eukaryota","Streptophyta","None","Fabales","Fabaceae","Lupinus","Lupinus odoratus"
"OTU389","Eukaryota","Streptophyta","Liliopsida","Poales","Poaceae","Avena","Avena strigosa"
"OTU669","Eukaryota","Streptophyta","None","Fabales","Fabaceae","Lupinus","Lupinus odoratus"
"OTU746","Eukaryota","Streptophyta","None","Fabales","Fabaceae","Lupinus","Lupinus odoratus"
"OTU701","Eukaryota","Streptophyta","None","Fabales","Fabaceae","Lupinus","Lupinus odoratus"
"OTU1011","Eukaryota","Streptophyta","None","Fabales","Fabaceae","Lupinus","Lupinus odoratus"
"OTU471","Eukaryota","Streptophyta","None","Ericales","Polemoniaceae","Linanthus","Linanthus dichotomus"
"OTU228","Eukaryota","Streptophyta","None","Asterales","Asteraceae","Ambrosia","Ambrosia deltoidea"
"OTU665","Eukaryota","Streptophyta","None","Brassicales","Brassicaceae","Descurainia","Descurainia leptoclada"
"OTU953","Eukaryota","Streptophyta","None","Fabales","Fabaceae","Lupinus","Lupinus odoratus"
"OTU881","Eukaryota","Streptophyta","None","Fabales","Fabaceae","Lupinus","Lupinus odoratus"
"OTU553","Eukaryota","Streptophyta","None","Fabales","Fabaceae","Lupinus","Lupinus odoratus"
"OTU632","Eukaryota","Streptophyta","None","Fabales","Fabaceae","Lupinus","Lupinus odoratus"
"OTU658","Eukaryota","Streptophyta","None","Ericales","Polemoniaceae","Linanthus","Linanthus dichotomus"
"OTU765","Eukaryota","Streptophyta","None","Fabales","Fabaceae","Lupinus","Lupinus odoratus"
"OTU549","Eukaryota","Streptophyta","None","Fabales","Fabaceae","Lupinus","Lupinus odoratus"
"OTU979","Eukaryota","Streptophyta","None","Fabales","Fabaceae","Astragalus","Astragalus paysonii"
"OTU836","Eukaryota","Streptophyta","None","Ericales","Polemoniaceae","Gilia","Gilia ochroleuca"
"OTU754","Eukaryota","Streptophyta","None","Solanales","Solanaceae","Lycium","Lycium villosum"
"OTU997","Eukaryota","Streptophyta","None","Fabales","Fabaceae","Lupinus","Lupinus odoratus"
"OTU708","Eukaryota","Streptophyta","Liliopsida","Poales","Cyperaceae","Carex","Carex glareosa"
"OTU928","Eukaryota","Streptophyta","None","Fabales","Fabaceae","Lupinus","Lupinus odoratus"
"OTU601","Eukaryota","Streptophyta","None","Fabales","Fabaceae","Lupinus","Lupinus odoratus"
"OTU875","Eukaryota","Streptophyta","None","Fabales","Fabaceae","Lupinus","Lupinus odoratus"
"OTU788","Eukaryota","Streptophyta","None","Fabales","Fabaceae","Lupinus","Lupinus odoratus"
"OTU840","Eukaryota","Streptophyta","None","Geraniales","Geraniaceae","Erodium","Erodium lebelii"
"OTU748","Eukaryota","Streptophyta","None","Fabales","Fabaceae","Lupinus","Lupinus odoratus"
"OTU440","Bacteria","Actinobacteria","Actinobacteria","Actinomycetales","Actinomycetaceae","Actinomyces","Actinomyces succiniciruminis"
"OTU696","Eukaryota","Streptophyta","None","Caryophyllales","Chenopodiaceae","Chenopodium","Chenopodium watsonii"
"OTU945","Eukaryota","Streptophyta","None","Lamiales","Plantaginaceae","Plantago","Plantago hookeriana"
"OTU793","Eukaryota","Streptophyta","None","Fabales","Fabaceae","Lupinus","Lupinus odoratus"
"OTU790","Eukaryota","Streptophyta","None","Ericales","Polemoniaceae","Gilia","Gilia ochroleuca"
"OTU630","Eukaryota","Streptophyta","None","Fabales","Fabaceae","Lupinus","Lupinus odoratus"
"OTU1003","Eukaryota","Streptophyta","None","Fabales","Fabaceae","Lupinus","Lupinus odoratus"
"OTU409","Eukaryota","Streptophyta","Liliopsida","Poales","Poaceae","Eragrostis","Eragrostis cilianensis"
"OTU728","Eukaryota","Streptophyta","None","Asterales","Asteraceae","Picradeniopsis","Picradeniopsis absinthifolia"
"OTU731","Eukaryota","Streptophyta","None","Fabales","Fabaceae","Lupinus","Lupinus odoratus"
"OTU539","Eukaryota","Streptophyta","None","Fabales","Fabaceae","Lupinus","Lupinus odoratus"
"OTU466","Eukaryota","Streptophyta","None","Fabales","Fabaceae","Lupinus","Lupinus odoratus"
"OTU414","Eukaryota","Streptophyta","None","Asterales","Asteraceae","None","Rafinesquia environmental sample"
"OTU580","Eukaryota","Streptophyta","None","Fabales","Fabaceae","Lupinus","Lupinus odoratus"
"OTU1033","Eukaryota","Streptophyta","Liliopsida","Poales","Poaceae","Avena","Avena sterilis"
"OTU825","Eukaryota","Streptophyta","None","Fabales","Fabaceae","Lupinus","Lupinus odoratus"
"OTU986","Eukaryota","Streptophyta","None","Fabales","Fabaceae","Lupinus","Lupinus odoratus"
"OTU1039","Eukaryota","Streptophyta","None","Lamiales","Plantaginaceae","Plantago","Plantago hookeriana"
"OTU842","Eukaryota","Streptophyta","None","Asterales","Asteraceae","Gutierrezia","Gutierrezia wrightii"
"OTU749","Eukaryota","Streptophyta","None","Brassicales","Brassicaceae","Descurainia","Descurainia leptoclada"
"OTU722","Eukaryota","Streptophyta","None","Fabales","Fabaceae","Lupinus","Lupinus odoratus"
"OTU556","Eukaryota","Streptophyta","None","Fabales","Fabaceae","Lupinus","Lupinus odoratus"
"OTU901","Eukaryota","Streptophyta","None","Malvales","Malvaceae","Malva","Malva moschata"
"OTU613","Eukaryota","Streptophyta","None","Fabales","Fabaceae","Vachellia","Vachellia constricta"
"OTU725","Eukaryota","Streptophyta","None","Fabales","Fabaceae","Lupinus","Lupinus odoratus"
"OTU869","Eukaryota","Streptophyta","None","Fabales","Fabaceae","Lupinus","Lupinus odoratus"
"OTU889","Eukaryota","Streptophyta","None","Geraniales","Geraniaceae","Erodium","Erodium texanum"
"OTU985","Eukaryota","Streptophyta","None","Fabales","Fabaceae","Lupinus","Lupinus odoratus"
"OTU772","Eukaryota","Streptophyta","None","Boraginales","Hydrophyllaceae","Phacelia","Phacelia arizonica"
"OTU1047","Eukaryota","Streptophyta","None","Ericales","Polemoniaceae","Linanthus","Linanthus dichotomus"
"OTU616","Eukaryota","Streptophyta","None","Fabales","Fabaceae","Lupinus","Lupinus odoratus"
"OTU591","Eukaryota","Streptophyta","None","Fabales","Fabaceae","Lupinus","Lupinus odoratus"
"OTU497","Eukaryota","Streptophyta","None","Fabales","Fabaceae","Lupinus","Lupinus odoratus"
"OTU1041","Eukaryota","Streptophyta","None","Fabales","Fabaceae","Lupinus","Lupinus odoratus"
"OTU1032","Eukaryota","Streptophyta","None","Brassicales","Brassicaceae","Descurainia","Descurainia sophioides"
"OTU1037","Eukaryota","Streptophyta","None","Fabales","Fabaceae","Lupinus","Lupinus odoratus"
"OTU915","Eukaryota","Streptophyta","None","Fabales","Fabaceae","Lupinus","Lupinus odoratus"
"OTU829","Eukaryota","Streptophyta","Liliopsida","Poales","Poaceae","Avena","Avena murphyi"
"OTU610","Eukaryota","Streptophyta","None","Fabales","Fabaceae","Lupinus","Lupinus angustifolius"
"OTU495","Eukaryota","Streptophyta","None","Fabales","Fabaceae","Lupinus","Lupinus odoratus"
"OTU987","Eukaryota","Streptophyta","None","Caryophyllales","Chenopodiaceae","Atriplex","Atriplex phyllostegia"
"OTU620","Eukaryota","Streptophyta","None","Fabales","Fabaceae","Lupinus","Lupinus odoratus"
"OTU851","Eukaryota","Streptophyta","None","Fabales","Fabaceae","Lupinus","Lupinus odoratus"
"OTU494","Eukaryota","Streptophyta","None","Fabales","Fabaceae","Lupinus","Lupinus odoratus"
"OTU999","Eukaryota","Streptophyta","None","Ephedrales","Ephedraceae","Ephedra","Ephedra milleri"
"OTU982","Eukaryota","Streptophyta","None","Brassicales","Brassicaceae","Sisymbrium","Sisymbrium irio"
"OTU617","Eukaryota","Streptophyta","None","Fabales","Fabaceae","Lupinus","Lupinus odoratus"
"OTU478","Eukaryota","Streptophyta","None","Brassicales","Brassicaceae","Physaria","Physaria fendleri"
"OTU964","Eukaryota","Streptophyta","None","Fabales","Fabaceae","Lupinus","Lupinus odoratus"
"OTU517","Eukaryota","Streptophyta","None","Fabales","Fabaceae","Lupinus","Lupinus odoratus"
"OTU882","Eukaryota","Streptophyta","None","Asterales","Asteraceae","None","Rafinesquia environmental sample"
"OTU1012","Eukaryota","Streptophyta","None","Fabales","Fabaceae","Lupinus","Lupinus odoratus"
"OTU1021","Eukaryota","Streptophyta","None","Lamiales","Plantaginaceae","Plantago","Plantago hookeriana"
"OTU607","Eukaryota","Streptophyta","None","Ericales","Polemoniaceae","Gilia","Gilia salticola"
"OTU813","Eukaryota","Streptophyta","None","Brassicales","Brassicaceae","Descurainia","Descurainia leptoclada"
"OTU716","Eukaryota","Streptophyta","None","Fabales","Fabaceae","Lupinus","Lupinus odoratus"
"OTU897","Eukaryota","Streptophyta","None","Ephedrales","Ephedraceae","Ephedra","Ephedra funerea"
"OTU574","Eukaryota","Streptophyta","None","Caryophyllales","Nyctaginaceae","Allionia","Allionia incarnata"
"OTU468","Eukaryota","Streptophyta","None","Geraniales","Geraniaceae","Erodium","Erodium moschatum"
"OTU894","Eukaryota","Streptophyta","None","Asterales","Asteraceae","None","Rafinesquia environmental sample"
"OTU663","Eukaryota","Streptophyta","None","Asterales","Asteraceae","Ambrosia","Ambrosia deltoidea"
"OTU757","Eukaryota","Streptophyta","None","Ericales","Polemoniaceae","Linanthus","Linanthus dichotomus"
"OTU930","Eukaryota","Streptophyta","None","Fabales","Fabaceae","Lupinus","Lupinus odoratus"
"OTU566","Eukaryota","Streptophyta","None","Fabales","Fabaceae","Lupinus","Lupinus odoratus"
"OTU923","Eukaryota","Streptophyta","None","Fabales","Fabaceae","Lupinus","Lupinus odoratus"
"OTU544","Eukaryota","Streptophyta","None","Fabales","Fabaceae","Lupinus","Lupinus odoratus"
"OTU892","Eukaryota","Streptophyta","None","Asterales","Asteraceae","Gutierrezia","Gutierrezia wrightii"
"OTU993","Eukaryota","Streptophyta","None","Fabales","Fabaceae","Lupinus","Lupinus odoratus"
"OTU700","Eukaryota","Streptophyta","None","Fabales","Fabaceae","Lupinus","Lupinus odoratus"
"OTU1019","Eukaryota","Streptophyta","None","Fabales","Fabaceae","Lupinus","Lupinus odoratus"
"OTU983","Eukaryota","Streptophyta","None","Fabales","Fabaceae","Lupinus","Lupinus odoratus"
"OTU662","Eukaryota","Streptophyta","Liliopsida","Poales","Poaceae","Panicum","Panicum miliaceum"
"OTU710","Eukaryota","Streptophyta","None","Caryophyllales","Polygonaceae","Rumex","Rumex tenax"
"OTU959","Eukaryota","Streptophyta","None","Fabales","Fabaceae","Lupinus","Lupinus odoratus"
"OTU705","Eukaryota","Streptophyta","None","Geraniales","Geraniaceae","Erodium","Erodium moschatum"
"OTU1006","Eukaryota","Streptophyta","None","Fabales","Fabaceae","Lupinus","Lupinus odoratus"
"OTU770","Eukaryota","Streptophyta","None","Fabales","Fabaceae","Lupinus","Lupinus odoratus"
"OTU636","Eukaryota","Streptophyta","None","Fabales","Fabaceae","Lupinus","Lupinus odoratus"
"OTU846","Eukaryota","Streptophyta","None","Fabales","Fabaceae","Lupinus","Lupinus odoratus"
"OTU692","Eukaryota","Streptophyta","None","Fabales","Fabaceae","Lupinus","Lupinus odoratus"
"OTU508","Eukaryota","Streptophyta","None","Fabales","Fabaceae","Lupinus","Lupinus odoratus"
"OTU538","Eukaryota","Streptophyta","None","Asterales","Asteraceae","None","Rafinesquia environmental sample"
"OTU864","Eukaryota","Streptophyta","Liliopsida","Poales","Poaceae","Avena","Avena sterilis"
"OTU893","Eukaryota","Streptophyta","None","Fabales","Fabaceae","Lupinus","Lupinus odoratus"
"OTU877","Eukaryota","Streptophyta","None","Fabales","Fabaceae","Lupinus","Lupinus odoratus"
"OTU792","Eukaryota","Streptophyta","None","Ranunculales","Papaveraceae","Eschscholzia","Eschscholzia californica"
"OTU681","Eukaryota","Streptophyta","None","Fabales","Fabaceae","Lupinus","Lupinus odoratus"
"OTU978","Eukaryota","Streptophyta","None","Fabales","Fabaceae","Lupinus","Lupinus odoratus"
"OTU968","Eukaryota","Streptophyta","None","Fabales","Fabaceae","Lupinus","Lupinus odoratus"
"OTU769","Eukaryota","Streptophyta","None","Fabales","Fabaceae","Lupinus","Lupinus odoratus"
"OTU464","Eukaryota","Streptophyta","None","Fabales","Fabaceae","Lupinus","Lupinus odoratus"
"OTU18","Eukaryota","Streptophyta","Liliopsida","Poales","Poaceae","Panicum","Panicum hirticaule"
"OTU823","Eukaryota","Streptophyta","None","Asterales","Asteraceae","Gutierrezia","Gutierrezia wrightii"
"OTU714","Eukaryota","Streptophyta","None","Asterales","Asteraceae","Gutierrezia","Gutierrezia wrightii"
"OTU211","Eukaryota","Streptophyta","None","Asterales","Asteraceae","Gutierrezia","Gutierrezia wrightii"
"OTU676","Eukaryota","Streptophyta","None","Asterales","Asteraceae","Gutierrezia","Gutierrezia wrightii"
"OTU163","Eukaryota","Streptophyta","None","Pinales","Pinaceae","Pinus","Pinus sylvestris"
"OTU841","Eukaryota","Streptophyta","None","Fabales","Fabaceae","Lupinus","Lupinus odoratus"
"OTU803","Eukaryota","Streptophyta","None","Ephedrales","Ephedraceae","Ephedra","Ephedra californica"
"OTU981","Eukaryota","Streptophyta","None","Caryophyllales","Polygonaceae","Rumex","Rumex tenax"
"OTU664","Eukaryota","Streptophyta","None","Malvales","Malvaceae","Sphaeralcea","Sphaeralcea incana"
"OTU820","Eukaryota","Streptophyta","None","Fabales","Fabaceae","Lupinus","Lupinus odoratus"
"OTU821","Eukaryota","Streptophyta","None","Asterales","Asteraceae","Ambrosia","Ambrosia artemisiifolia"
"OTU197","Eukaryota","Streptophyta","None","Asterales","Asteraceae","Gutierrezia","Gutierrezia wrightii"
"OTU996","Eukaryota","Streptophyta","None","None","None","None","embryophyte environmental sample"
"OTU726","Eukaryota","Streptophyta","None","Fabales","Fabaceae","Lupinus","Lupinus odoratus"
"OTU677","Eukaryota","Streptophyta","None","Asterales","Asteraceae","Rafinesquia","Rafinesquia californica"
"OTU776","Eukaryota","Streptophyta","None","Asterales","Asteraceae","Gutierrezia","Gutierrezia wrightii"
"OTU626","Eukaryota","Streptophyta","None","Fabales","Fabaceae","Lupinus","Lupinus microcarpus"
"OTU998","Eukaryota","Streptophyta","None","Fabales","Fabaceae","Lupinus","Lupinus odoratus"
"OTU874","Eukaryota","Streptophyta","None","Fabales","Fabaceae","Lupinus","Lupinus odoratus"
"OTU1007","Eukaryota","Streptophyta","None","Fabales","Fabaceae","Lupinus","Lupinus odoratus"
"OTU706","Eukaryota","Streptophyta","None","Fabales","Fabaceae","Lupinus","Lupinus odoratus"
"OTU717","Eukaryota","Streptophyta","None","Asterales","Asteraceae","Gutierrezia","Gutierrezia wrightii"
"OTU694","Eukaryota","Streptophyta","Liliopsida","Poales","Poaceae","Avena","Avena sterilis"
"OTU1023","Eukaryota","Streptophyta","None","Asterales","Asteraceae","Picradeniopsis","Picradeniopsis oppositifolia"
"OTU910","Eukaryota","Streptophyta","None","Asterales","Asteraceae","Ambrosia","Ambrosia deltoidea"
"OTU913","Eukaryota","Streptophyta","None","Asterales","Asteraceae","Gutierrezia","Gutierrezia wrightii"
"OTU745","Eukaryota","Streptophyta","None","Boraginales","Boraginaceae","Eremocarya","Eremocarya micrantha"
"OTU946","Eukaryota","Streptophyta","None","Fabales","Fabaceae","Lupinus","Lupinus odoratus"
"OTU1014","Eukaryota","Streptophyta","None","Fabales","Fabaceae","Lupinus","Lupinus odoratus"
"OTU735","Eukaryota","Streptophyta","None","Asterales","Asteraceae","None","Rafinesquia environmental sample"
"OTU619","Eukaryota","Streptophyta","None","Brassicales","Brassicaceae","Descurainia","Descurainia leptoclada"
"OTU835","Eukaryota","Streptophyta","None","Malvales","Malvaceae","Sphaeralcea","Sphaeralcea incana"
"OTU832","Eukaryota","Streptophyta","None","Fabales","Fabaceae","Lupinus","Lupinus odoratus"
"OTU781","Eukaryota","Streptophyta","None","Fabales","Fabaceae","Lupinus","Lupinus odoratus"
"OTU976","Eukaryota","Streptophyta","None","Fabales","Fabaceae","Lupinus","Lupinus odoratus"
"OTU927","Eukaryota","Streptophyta","None","Fabales","Fabaceae","Lupinus","Lupinus odoratus"
"OTU920","Eukaryota","Streptophyta","None","Fabales","Fabaceae","Lupinus","Lupinus odoratus"
"OTU801","Eukaryota","Streptophyta","None","Fabales","Fabaceae","Lupinus","Lupinus odoratus"
"OTU1035","Eukaryota","Streptophyta","None","Ericales","Polemoniaceae","Linanthus","Linanthus dichotomus"
"OTU855","Eukaryota","Streptophyta","None","Asterales","Asteraceae","Picradeniopsis","Picradeniopsis absinthifolia"
"OTU888","Eukaryota","Streptophyta","None","Asterales","Asteraceae","Gutierrezia","Gutierrezia wrightii"
"OTU816","Eukaryota","Streptophyta","None","Asterales","Asteraceae","Gutierrezia","Gutierrezia wrightii"
"OTU638","Eukaryota","Streptophyta","None","Fabales","Fabaceae","Lupinus","Lupinus odoratus"
"OTU685","Eukaryota","Streptophyta","None","Lamiales","Plantaginaceae","Plantago","Plantago erecta"
"OTU1042","Eukaryota","Streptophyta","None","Fabales","Fabaceae","Lupinus","Lupinus odoratus"
"OTU852","Eukaryota","Streptophyta","None","Malvales","Malvaceae","Sphaeralcea","Sphaeralcea incana"
"OTU779","Eukaryota","Streptophyta","None","Fabales","Fabaceae","Lupinus","Lupinus odoratus"
"OTU917","Eukaryota","Streptophyta","None","Fabales","Fabaceae","Hoffmannseggia","Hoffmannseggia glauca"
"OTU38","Eukaryota","Streptophyta","None","Asterales","Asteraceae","Ambrosia","Ambrosia deltoidea"
"OTU32","Eukaryota","Streptophyta","None","Asterales","Asteraceae","Ambrosia","Ambrosia artemisiifolia"
"OTU48","Eukaryota","Streptophyta","None","Caryophyllales","Caryophyllaceae","Stellaria","Stellaria humifusa"
"OTU102","Eukaryota","Streptophyta","Liliopsida","Poales","Poaceae","Festuca","Festuca ovina"
"OTU139","Eukaryota","Streptophyta","None","Caryophyllales","Chenopodiaceae","Salsola","Salsola praecox"
"OTU408","Eukaryota","Streptophyta","Liliopsida","Poales","Poaceae","Festuca","Festuca ovina"
"OTU107","Eukaryota","Streptophyta","None","Asterales","Asteraceae","Gutierrezia","Gutierrezia wrightii"
"OTU141","Eukaryota","Streptophyta","None","Asterales","Asteraceae","Ambrosia","Ambrosia psilostachya"
"OTU886","Eukaryota","Streptophyta","Liliopsida","Poales","Poaceae","Dupontia","Dupontia fisheri"
